{"cameraMode":{"drawMode":0,"name":"Shaded","section":"Shading Mode"},"sceneLighting":true,"audioPlay":false,"sceneViewState":{"m_AlwaysRefresh":false,"showFog":true,"showSkybox":false,"showFlares":true,"showImageEffects":true,"showParticleSystems":true,"showVisualEffectGraphs":true,"m_FxEnabled":true},"in2DMode":false,"pivot":{"x":-6.139532089233398,"y":2.8312320709228517,"z":0.8147609829902649},"rotation":{"x":0.20741106569766999,"y":-0.06598865240812302,"z":0.014023583382368088,"w":0.9759354591369629},"size":1.6619874238967896,"orthographic":false}