{"cameraMode":{"drawMode":0,"name":"Shaded","section":"Shading Mode"},"sceneLighting":true,"audioPlay":false,"sceneViewState":{"m_AlwaysRefresh":false,"showFog":true,"showSkybox":true,"showFlares":true,"showImageEffects":true,"showParticleSystems":true,"showVisualEffectGraphs":true,"m_FxEnabled":true},"in2DMode":false,"pivot":{"x":43.23735427856445,"y":-57.43407440185547,"z":401.9907531738281},"rotation":{"x":0.08807931840419769,"y":-0.01794186793267727,"z":0.0015869034687057138,"w":0.9959364533424377},"size":238.29034423828126,"orthographic":false}