{"cameraMode":{"drawMode":0,"name":"Shaded","section":"Shading Mode"},"sceneLighting":true,"audioPlay":false,"sceneViewState":{"m_AlwaysRefresh":false,"showFog":true,"showSkybox":true,"showFlares":true,"showImageEffects":true,"showParticleSystems":true,"showVisualEffectGraphs":true,"m_FxEnabled":true},"in2DMode":false,"pivot":{"x":130.04615783691407,"y":53.6850700378418,"z":-84.33517456054688},"rotation":{"x":0.07129471749067307,"y":-0.012140506878495217,"z":0.0008721632766537368,"w":0.9973262548446655},"size":13.845664024353028,"orthographic":false}