{"cameraMode":{"drawMode":0,"name":"Shaded","section":"Shading Mode"},"sceneLighting":true,"audioPlay":false,"sceneViewState":{"m_AlwaysRefresh":false,"showFog":true,"showSkybox":true,"showFlares":true,"showImageEffects":true,"showParticleSystems":true,"showVisualEffectGraphs":true,"m_FxEnabled":true},"in2DMode":false,"pivot":{"x":37.307044982910159,"y":6.658741474151611,"z":-9.153514862060547},"rotation":{"x":-0.03868097439408302,"y":-0.12557147443294526,"z":-0.004899744410067797,"w":0.9913191795349121},"size":2.574355363845825,"orthographic":false}