{"cameraMode":{"drawMode":0,"name":"Shaded","section":"Shading Mode"},"sceneLighting":true,"audioPlay":false,"sceneViewState":{"m_AlwaysRefresh":false,"showFog":true,"showSkybox":true,"showFlares":true,"showImageEffects":true,"showParticleSystems":true,"showVisualEffectGraphs":true,"m_FxEnabled":true},"in2DMode":false,"pivot":{"x":34.72053909301758,"y":32.88186264038086,"z":5.337750434875488},"rotation":{"x":-0.19574671983718873,"y":0.000763844873290509,"z":-0.00013054735609330237,"w":-0.9806138873100281},"size":13.845664024353028,"orthographic":false}