{"cameraMode":{"drawMode":0,"name":"Shaded","section":"Shading Mode"},"sceneLighting":false,"audioPlay":false,"sceneViewState":{"m_AlwaysRefresh":false,"showFog":true,"showSkybox":true,"showFlares":true,"showImageEffects":true,"showParticleSystems":true,"showVisualEffectGraphs":true,"m_FxEnabled":true},"in2DMode":false,"pivot":{"x":-9.52738094329834,"y":7.504306793212891,"z":-6.6697163581848148},"rotation":{"x":-0.054441120475530627,"y":0.006515416316688061,"z":-0.0020206181798130275,"w":-0.9994084239006043},"size":0.8660253882408142,"orthographic":false}