{"cameraMode":{"drawMode":0,"name":"Shaded","section":"Shading Mode"},"sceneLighting":false,"audioPlay":false,"sceneViewState":{"m_AlwaysRefresh":false,"showFog":true,"showSkybox":true,"showFlares":true,"showImageEffects":true,"showParticleSystems":true,"showVisualEffectGraphs":true,"m_FxEnabled":true},"in2DMode":false,"pivot":{"x":553.7100830078125,"y":587.32568359375,"z":55.13526153564453},"rotation":{"x":0.0214986614882946,"y":0.0023732634726911785,"z":-0.00011041019024560228,"w":-1.0009961128234864},"size":1103.6331787109375,"orthographic":false}