{"cameraMode":{"drawMode":0,"name":"Shaded","section":"Shading Mode"},"sceneLighting":true,"audioPlay":false,"sceneViewState":{"m_AlwaysRefresh":false,"showFog":true,"showSkybox":true,"showFlares":true,"showImageEffects":true,"showParticleSystems":true,"showVisualEffectGraphs":true,"m_FxEnabled":true},"in2DMode":false,"pivot":{"x":12.70827865600586,"y":113.22659301757813,"z":16.84005355834961},"rotation":{"x":-0.08585964143276215,"y":-0.027069417759776117,"z":0.0028291307389736177,"w":-0.995831310749054},"size":9.511362075805664,"orthographic":false}