{"cameraMode":{"drawMode":0,"name":"Shaded","section":"Shading Mode"},"sceneLighting":true,"audioPlay":false,"sceneViewState":{"m_AlwaysRefresh":false,"showFog":true,"showSkybox":true,"showFlares":true,"showImageEffects":true,"showParticleSystems":true,"showVisualEffectGraphs":true,"m_FxEnabled":true},"in2DMode":false,"pivot":{"x":48.90715026855469,"y":35.89460372924805,"z":-125.10750579833985},"rotation":{"x":0.12257310748100281,"y":-0.046424780040979388,"z":0.005934565793722868,"w":0.9914892911911011},"size":13.308598518371582,"orthographic":false}