{"cameraMode":{"drawMode":0,"name":"Shaded","section":"Shading Mode"},"sceneLighting":true,"audioPlay":false,"sceneViewState":{"m_AlwaysRefresh":false,"showFog":true,"showSkybox":true,"showFlares":true,"showImageEffects":true,"showParticleSystems":true,"showVisualEffectGraphs":true,"m_FxEnabled":true},"in2DMode":false,"pivot":{"x":-9.769530296325684,"y":13.691442489624024,"z":-37.75008010864258},"rotation":{"x":-0.1268673986196518,"y":0.15040284395217896,"z":-0.018815698102116586,"w":-0.9808705449104309},"size":1.1209529638290406,"orthographic":false}