{"cameraMode":{"drawMode":0,"name":"Shaded","section":"Shading Mode"},"sceneLighting":false,"audioPlay":false,"sceneViewState":{"m_AlwaysRefresh":false,"showFog":true,"showSkybox":false,"showFlares":true,"showImageEffects":true,"showParticleSystems":true,"showVisualEffectGraphs":true,"m_FxEnabled":true},"in2DMode":false,"pivot":{"x":-0.19322532415390016,"y":2.2337486743927,"z":-0.7755863070487976},"rotation":{"x":0.1505424529314041,"y":-0.03411262109875679,"z":0.005196479149162769,"w":0.9879909753799439},"size":1.5786771774291993,"orthographic":false}